titulo,slug,resumo,conteudo,autor,destaque,categoria_id
Transformação digital em empresas brasileiras cresce forte,transformacao-digital-empresas-brasileiras,Pesquisa da ABES e IDC mostra que 75% das médias e grandes empresas brasileiras vão ampliar investimentos em TI até 2025.,"Uma pesquisa da Associação Brasileira das Empresas de Software (ABES), em parceria com a IDC, mostra que 75% das médias e grandes empresas brasileiras planejam aumentar investimentos em TI até 2025. O investimento em software e serviços já ultrapassou o gasto em hardware, refletindo maior maturidade digital no país.

Fonte: https://tiinside.com.br/en/05/11/2025/transformacao-digital-no-brasil-exige-visao-estrategica/?utm_source=chatgpt.com",Redação Tech,false,1
Brasil propõe infraestrutura digital pública global para ação climática,brasil-infraestrutura-digital-clima,Proposta brasileira na COP30 cria uma infraestrutura digital pública global para acelerar a ação climática.,"Dentro da agenda da COP30, o Brasil apresentou uma proposta para criação de uma ‘Infraestrutura Digital Pública Global para o Clima’ (ClimateDPI), com arquitetura modular ‘ClimateStack’. A iniciativa busca coordenar políticas climáticas em tempo real.

Fonte: https://cop30.br/en/news-about-cop30/brazil-calls-for-global-public-digital-infrastructure-to-speed-up-climate-action?utm_source=chatgpt.com",Redação Tech,false,1
Investimentos em startups brasileiras disparam em outubro,investimentos-startups-brasileiras-outubro,O ecossistema brasileiro de venture capital registrou forte alta de investimentos no terceiro trimestre de 2025.,"Dados do relatório Brazil Startup Deals 2025 indicam um aumento expressivo em investimentos em startups brasileiras em outubro de 2025, com destaque para fintechs e healthtechs.

Fonte: https://www.beyondthelaw.news/brazil-startup-deals-october-2025/?utm_source=chatgpt.com",Redação Tech,true,1
Huawei Cloud dobra receita no Brasil e lança novas soluções de IA,huawei-cloud-brasil-ia,A Huawei apresentou novos produtos e relatou crescimento expressivo em nuvem e IA no Brasil.,"Durante o Huawei Cloud Summit Brazil, a empresa anunciou expansão de serviços e crescimento acelerado em receita, com foco em soluções de inteligência artificial e computação em nuvem.

Fonte: https://www.bnamericas.com/en/news/huawei-cloud-doubles-revenue-in-brazil-announces-new-ai-and-cloud-solutions?utm_source=chatgpt.com",Redação Tech,false,1
Brasil avança para equivalência de proteção de dados com a União Europeia,brasil-protecao-dados-ue,O país está próximo de ser reconhecido pela UE por garantir nível de proteção de dados equivalente ao europeu.,"O Brasil deve receber reconhecimento de adequação da União Europeia, permitindo fluxo internacional de dados com segurança jurídica e impulsionando a economia digital.

Fonte: https://www.montaury.com.br/en/brazil-expected-to-gain-from-eu-adequacy-decision?utm_source=chatgpt.com",Redação Tech,false,1
Empresas chinesas de tecnologia miram expansão no Brasil,empresas-chinesas-expansao-brasil,Gigantes de tecnologia chinesas intensificam investimentos no setor de serviços e telecomunicações no Brasil.,"Reportagens internacionais indicam que empresas chinesas estão ampliando operações no Brasil, atraídas pela demanda crescente por serviços digitais e infraestrutura de conectividade.

Fonte: https://www.lemonde.fr/en/economy/article/2025/08/06/chinese-service-companies-are-targeting-brazil_6744105_19.html?utm_source=chatgpt.com",Redação Tech,false,1
TikTok participará de megaprojeto de data center no Ceará,tiktok-data-center-ceara,Projeto de R$ 50 bilhões terá apoio da Pátria Investimentos e participação do TikTok.,"A Omnia e a Pátria Investimentos anunciaram participação em projeto de data center avaliado em R$ 50 bilhões no Porto de Pecém, com o TikTok como potencial cliente principal. O complexo visa exportar serviços de dados.

Fonte: https://www.reuters.com/business/energy/patria-backed-omnia-joins-9-billion-tiktok-data-center-project-brazil-2025-11-04/?utm_source=chatgpt.com",Redação Tech,true,1
Ecossistema brasileiro de deep tech se fortalece,ecossistema-deep-tech-brasil,O Brazilian Deep Tech Forum 2025 conectou centenas de profissionais e startups de tecnologia avançada.,"O fórum anual Brazilian Deep Tech Forum 2025 destacou o fortalecimento do ecossistema de tecnologias avançadas no país, com foco em robótica, IA e hardware.

Fonte: https://wylinka.org.br/en/deep-wylinka/Brazilian-Deep-Tech-Forum-2025-connected-hundreds-of-professionals-and-strengthened-the-regional-deep-tech-ecosystem/?utm_source=chatgpt.com",Redação Tech,false,1
Brasil lança plano nacional de IA para autonomia digital,plano-nacional-ia-brasil,Nova política pública de IA visa fortalecer a soberania digital e o desenvolvimento de tecnologia nacional.,"O governo brasileiro apresentou um plano nacional de Inteligência Artificial com foco em soberania tecnológica e inovação local, buscando posicionar o país na disputa global de IA.

Fonte: https://en.clickpetroleoegas.com.br/com-ia-100-nacional-brasil-entra-de-vez-na-disputa-global-e-aposta-alto-na-propria-autonomia-digital-caes/?utm_source=chatgpt.com",Redação Tech,true,1
Mercado de TI no Brasil é o 9º maior do mundo,mercado-ti-brasil-9-maior,O Brasil consolida sua posição entre os 10 maiores mercados globais de tecnologia.,"Estudo da ABES e IDC aponta que o Brasil é o 9º maior mercado mundial de TIC, com crescimento impulsionado por software e serviços digitais. A tecnologia se torna motor estratégico para os negócios.

Fonte: https://tiinside.com.br/en/05/11/2025/transformacao-digital-no-brasil-exige-visao-estrategica/?utm_source=chatgpt.com",Redação Tech,false,1
